{
    "rmse": 0.8040463332020624,
    "mae": 0.6559587753488506,
    "r2": 0.010734951092905898
}